{"cameraMode":{"drawMode":0,"name":"Shaded","section":"Shading Mode"},"sceneLighting":true,"audioPlay":false,"sceneViewState":{"m_AlwaysRefresh":false,"showFog":true,"showSkybox":true,"showFlares":true,"showImageEffects":true,"showParticleSystems":true,"showVisualEffectGraphs":true,"m_FxEnabled":true},"in2DMode":false,"pivot":{"x":-14.012641906738282,"y":-2.4990179538726808,"z":3.2129104137420656},"rotation":{"x":-0.22954131662845612,"y":-0.15188387036323548,"z":0.03629017993807793,"w":-0.9606901407241821},"size":12.461819648742676,"orthographic":false}