{"cameraMode":{"drawMode":0,"name":"Shaded","section":"Shading Mode"},"sceneLighting":true,"audioPlay":false,"sceneViewState":{"m_AlwaysRefresh":true,"showFog":true,"showSkybox":true,"showFlares":true,"showImageEffects":true,"showParticleSystems":true,"showVisualEffectGraphs":true,"m_FxEnabled":true},"in2DMode":false,"pivot":{"x":45.292110443115237,"y":6.048646450042725,"z":-1.8372398614883423},"rotation":{"x":-0.19225585460662843,"y":-0.027064934372901918,"z":0.005312629044055939,"w":-0.9809572100639343},"size":9.605501174926758,"orthographic":false}