{"cameraMode":{"drawMode":0,"name":"Shaded","section":"Shading Mode"},"sceneLighting":false,"audioPlay":false,"sceneViewState":{"m_AlwaysRefresh":false,"showFog":true,"showSkybox":true,"showFlares":true,"showImageEffects":true,"showParticleSystems":true,"showVisualEffectGraphs":true,"m_FxEnabled":true},"in2DMode":false,"pivot":{"x":-17.923521041870118,"y":3.0314700603485109,"z":-4.528067111968994},"rotation":{"x":0.005180138163268566,"y":0.11722637712955475,"z":-0.000611472234595567,"w":0.9930914044380188},"size":2.139042854309082,"orthographic":false}