{"cameraMode":{"drawMode":0,"name":"Shaded","section":"Shading Mode"},"sceneLighting":false,"audioPlay":false,"sceneViewState":{"m_AlwaysRefresh":false,"showFog":true,"showSkybox":true,"showFlares":true,"showImageEffects":true,"showParticleSystems":true,"showVisualEffectGraphs":true,"m_FxEnabled":true},"in2DMode":false,"pivot":{"x":0.11948955059051514,"y":0.8916534185409546,"z":-0.045589715242385867},"rotation":{"x":-0.23820891976356507,"y":-0.010407393798232079,"z":0.002551301382482052,"w":-0.9711627960205078},"size":1.8721122741699219,"orthographic":false}