{"cameraMode":{"drawMode":0,"name":"Shaded","section":"Shading Mode"},"sceneLighting":true,"audioPlay":false,"sceneViewState":{"m_AlwaysRefresh":false,"showFog":true,"showSkybox":true,"showFlares":true,"showImageEffects":true,"showParticleSystems":true,"showVisualEffectGraphs":true,"m_FxEnabled":true},"in2DMode":false,"pivot":{"x":-18.682723999023439,"y":4.559342384338379,"z":-2.89212965965271},"rotation":{"x":0.005180138163268566,"y":0.11722637712955475,"z":-0.000611472234595567,"w":0.9930914044380188},"size":5.103278636932373,"orthographic":false}