{"cameraMode":{"drawMode":0,"name":"Shaded","section":"Shading Mode"},"sceneLighting":true,"audioPlay":false,"sceneViewState":{"m_AlwaysRefresh":false,"showFog":true,"showSkybox":true,"showFlares":true,"showImageEffects":true,"showParticleSystems":true,"showVisualEffectGraphs":true,"m_FxEnabled":true},"in2DMode":false,"pivot":{"x":-18.056453704833986,"y":3.339812755584717,"z":-2.3263447284698488},"rotation":{"x":-0.053106941282749179,"y":0.0057706814259290699,"z":-0.00030676551978103817,"w":-0.9985733032226563},"size":5.7549357414245609,"orthographic":false}